<settings>
	<structure name="Allianz Account">
		<group name="Requirements / Solution Build Folders">
			<category name="Datacenter Hosting Request Form" id="1418" color="BLUE" />
			<category name="Requirements Forms" id="1420" color="RED" />
			<category name="Solution Design Documents" id="1421" color="BLUE" />
			<category name="Internal Request Forms" id="1419" color="BLUE" />
		</group>
		<group name="Contract Change Assessment Folder">
			<category name="Contract Change Assessment" id="1399" color="BLUE" />
		</group>
		<group name="Costing Folders">
			<category name="Client Costing" id="1402" color="BLUE" />
			<category name="Internal Billing" id="1403" color="BLUE" />
		</group>
		<group name="Pricing Folder">
			<category name="Client Pricing" id="1411" color="BLUE" />
		</group>
		<group name="Quote Folders">
			<category name="Estimate / Quote Delivery Documents" id="1415" color="RED" />
			<category name="Revenue / Expense Outlook" id="1416" color="BLUE" />
			<category name="Draft Quote" id="1876" color="BLUE" />
		</group>
		<group name="Quote Approval Letters">
			<category name="Client Estimate / Quote Approval Letters" id="1413" color="RED" />
		</group>
		<group name="Implementation Folder">
			<category name="Project Plan" id="1409" color="RED" />
			<category name="Implementation Internal Documents" id="1875" color="BLUE" />
		</group>
		<group name="User Acceptance Folder">
			<category name="Client Accpt Of Goods &amp; Svcs Notifications" id="1423" color="RED" />
		</group>
		<group name="General Folders">
			<category name="General Communications" id="1406" color="RED" />
			<category name="Client Documents" id="1405" color="RED" />
			<category name="Issues and Disputes" id="1407" color="BLUE" />
		</group>
	</structure>
</settings>