<settings>
	<structure name="EON Account">
		<group name="Contract Change Assessment Folder">
			<category name="Contract Change Assessment" id="1000201" color="BLUE" />
		</group>
		<group name="Requirements / Solution Build Folders">
			<category name="Datacenter Hosting Request Form" id="1000225" color="BLUE" />
			<category name="Requirements Forms" id="1000224" color="RED" />
			<category name="Solution Design Documents" id="1000227" color="BLUE" />
			<category name="CR Solution Design Documents" id="1000433" color="BLUE" />
			<category name="Internal Request Forms" id="1000226" color="BLUE" />
		</group>
		<group name="Costing Folders">
			<category name="Client Costing" id="1000212" color="BLUE" />
			<category name="Internal Billing" id="1000213" color="BLUE" />
			<category name="Asset Management Documentation" id="1000211" color="BLUE" />
		</group>
		<group name="Pricing Folder">
			<category name="Client Pricing" id="1000219" color="BLUE" />
		</group>
		<group name="Quote Folders">
			<category name="Estimate / Quote Delivery Documents" id="1000229" color="RED" />
			<category name="Revenue / Expense Outlook" id="1000223" color="BLUE" />
			<category name="Draft Quote" id="1000222" color="BLUE" />
		</group>
		<group name="Quote Approval Letters">
			<category name="Client Estimate / Quote Approval Letters" id="1000220" color="RED" />
		</group>
		<group name="Implementation Folder">
			<category name="Project Plan" id="1000217" color="RED" />
			<category name="Implementation Internal Documents" id="1000218" color="BLUE" />
		</group>
		<group name="User Acceptance Folder">
			<category name="Client Accpt Of Goods &amp; Svcs Notifications" id="1000228" color="RED" />
		</group>
		<group name="General Folders">
			<category name="General Communications" id="1000215" color="RED" />
			<category name="Client Documents" id="1000214" color="RED" />
			<category name="Issues and Disputes" id="1000216" color="BLUE" />
		</group>
		<group name="Integrator Workbook">
			<category name="Client Documents" id="1000241" color="RED" />
			<category name="OI Documents" id="1000242" color="RED" />
		</group>
		<group name="T-Systems Workbook">
			<category name="Client Documents" id="1000239" color="RED" />
			<category name="T-Systems Documents" id="1000240" color="BLUE" />
		</group>
	</structure>

</settings>